,tconst,averagerating,numvotes,movie,start_year,runtime_minutes,genres,id,release_date,production_budget,domestic_gross,worldwide_gross,net_pre_marketing,domestic/world,earnings/cost_ratio,year_released,Profitable?
39,tt0369610,7.0,539338.0,Jurassic World,2015,124.0,"Action,Adventure,Sci-Fi",34.0,"Jun 12, 2015",215000000.0,652270625.0,1648854864.0,1433854864.0,0.39559007844852984,6.669092390697674,2015.0,True
50,tt0401729,6.6,241792.0,John Carter,2012,132.0,"Action,Adventure,Sci-Fi",14.0,"Mar 9, 2012",275000000.0,73058679.0,282778100.0,7778100.0,0.258360456485138,0.028284,2012.0,False
68,tt0429493,6.8,235256.0,The A-Team,2010,117.0,"Action,Adventure,Thriller",32.0,"Jun 11, 2010",110000000.0,77222099.0,177241171.0,67241171.0,0.43568939747074903,0.6112833727272727,2010.0,False
72,tt0433035,7.1,283534.0,Real Steel,2011,127.0,"Action,Drama,Family",31.0,"Oct 7, 2011",110000000.0,85463309.0,263880341.0,153880341.0,0.32387145126510203,1.398912190909091,2011.0,True
78,tt0437086,7.5,88207.0,Alita: Battle Angel,2019,122.0,"Action,Adventure,Sci-Fi",24.0,"Feb 14, 2019",170000000.0,85710210.0,402976036.0,232976036.0,0.21269306942113053,1.3704472705882353,2019.0,True
89,tt0448115,7.4,109051.0,Shazam!,2019,132.0,"Action,Adventure,Comedy",97.0,"Apr 5, 2019",85000000.0,139606856.0,362899733.0,277899733.0,0.3846981502188099,3.269408623529412,2019.0,True
90,tt0448694,6.6,133355.0,Puss in Boots,2011,90.0,"Action,Adventure,Animation",46.0,"Oct 28, 2011",130000000.0,149260504.0,554987477.0,424987477.0,0.26894391348581725,3.2691344384615384,2011.0,True
95,tt0451279,7.5,487527.0,Wonder Woman,2017,141.0,"Action,Adventure,Fantasy",55.0,"Jun 2, 2017",150000000.0,412563408.0,821133378.0,671133378.0,0.5024316622043343,4.47422252,2017.0,True
105,tt0458339,6.9,668137.0,Captain America: The First Avenger,2011,124.0,"Action,Adventure,Sci-Fi",10.0,"Jul 22, 2011",140000000.0,176654505.0,370569776.0,230569776.0,0.4767105048523979,1.6469269714285715,2011.0,True
132,tt0471042,6.2,125102.0,Tower Heist,2011,104.0,"Action,Comedy,Crime",5.0,"Nov 4, 2011",85000000.0,78046570.0,150422946.0,65422946.0,0.5188475034919207,0.7696817176470588,2011.0,False
139,tt0477080,6.8,173019.0,Unstoppable,2010,98.0,"Action,Thriller",19.0,"Nov 12, 2010",95000000.0,81562942.0,165720921.0,70720921.0,0.4921704604815707,0.7444307473684211,2010.0,False
143,tt0478970,7.3,501213.0,Ant-Man,2015,117.0,"Action,Adventure,Comedy",43.0,"Jul 17, 2015",130000000.0,180202163.0,518858449.0,388858449.0,0.3473050566051397,2.9912188384615384,2015.0,True
151,tt0481499,7.2,176699.0,The Croods,2013,98.0,"Action,Adventure,Animation",26.0,"Mar 22, 2013",135000000.0,187168425.0,573068425.0,438068425.0,0.32660746402142116,3.2449512962962963,2013.0,True
191,tt0770828,7.1,647288.0,Man of Steel,2013,143.0,"Action,Adventure,Sci-Fi",29.0,"Jun 14, 2013",225000000.0,291045518.0,667999518.0,442999518.0,0.4356971976138462,1.9688867466666666,2013.0,True
213,tt0790736,5.6,109078.0,R.I.P.D.,2013,96.0,"Action,Adventure,Comedy",55.0,"Jul 19, 2013",130000000.0,33618855.0,79076678.0,-50923322.0,0.4251424800621999,-0.39171786153846155,2013.0,False
221,tt0800320,5.8,256176.0,Clash of the Titans,2010,106.0,"Action,Adventure,Fantasy",72.0,"Apr 1, 2010",125000000.0,163214888.0,493214888.0,368214888.0,0.33092044050381547,2.945719104,2010.0,True
224,tt0800369,7.0,683264.0,Thor,2011,115.0,"Action,Adventure,Fantasy",70.0,"May 6, 2011",150000000.0,181030624.0,449326618.0,299326618.0,0.40289316668081304,1.9955107866666666,2011.0,True
226,tt0803096,6.9,225557.0,Warcraft,2016,123.0,"Action,Adventure,Fantasy",46.0,"Jun 10, 2016",160000000.0,47225655.0,425522281.0,265522281.0,0.11098280186179017,1.65951425625,2016.0,True
248,tt0816462,5.2,90834.0,Conan the Barbarian,2011,113.0,"Action,Adventure,Fantasy",76.0,"Aug 19, 2011",90000000.0,21295021.0,63356133.0,-26643867.0,0.336116173630736,-0.2960429666666667,2011.0,False
251,tt0816711,7.0,553751.0,World War Z,2013,116.0,"Action,Adventure,Horror",69.0,"Jun 21, 2013",190000000.0,202359711.0,531514650.0,341514650.0,0.3807227345473921,1.7974455263157896,2013.0,True
263,tt0829150,6.3,164829.0,Dracula Untold,2014,92.0,"Action,Drama,Fantasy",21.0,"Oct 10, 2014",70000000.0,55991880.0,220241723.0,150241723.0,0.2542292134174777,2.1463103285714284,2014.0,True
266,tt0831387,6.4,350687.0,Godzilla,2014,123.0,"Action,Adventure,Sci-Fi",41.0,"May 16, 2014",160000000.0,200676069.0,529076069.0,369076069.0,0.3792953050764426,2.30672543125,2014.0,True
289,tt0848228,8.1,1183655.0,The Avengers,2012,143.0,"Action,Adventure,Sci-Fi",27.0,"May 4, 2012",225000000.0,623279547.0,1517935897.0,1292935897.0,0.4106099264348579,5.746381764444444,2012.0,True
342,tt0892769,8.1,611299.0,How to Train Your Dragon,2010,98.0,"Action,Adventure,Animation",30.0,"Mar 26, 2010",165000000.0,217581232.0,494870992.0,329870992.0,0.43967263290308195,1.9992181333333334,2010.0,True
366,tt0918940,6.3,150154.0,The Legend of Tarzan,2016,110.0,"Action,Adventure,Drama",88.0,"Jul 1, 2016",180000000.0,126643061.0,348902025.0,168902025.0,0.3629759987778804,0.9383445833333334,2016.0,False
383,tt0938283,4.1,137734.0,The Last Airbender,2010,103.0,"Action,Adventure,Family",83.0,"Jul 1, 2010",150000000.0,131772187.0,319713881.0,169713881.0,0.4121566026093187,1.1314258733333333,2010.0,True
388,tt0944835,6.4,277204.0,Salt,2010,100.0,"Action,Mystery,Thriller",50.0,"Jul 23, 2010",130000000.0,118311368.0,290650494.0,160650494.0,0.4070571715594607,1.2357730307692307,2010.0,True
391,tt0947810,6.8,122132.0,Green Zone,2010,115.0,"Action,Drama,Thriller",98.0,"Mar 12, 2010",100000000.0,35497337.0,97523020.0,-2476980.0,0.36398931247207067,-0.0247698,2010.0,False
392,tt0948470,7.0,525632.0,The Amazing Spider-Man,2012,136.0,"Action,Adventure,Sci-Fi",31.0,"Jul 3, 2012",220000000.0,262030663.0,757890267.0,537890267.0,0.3457369416250862,2.444955759090909,2012.0,True
395,tt0955308,6.6,239480.0,Robin Hood,2010,140.0,"Action,Adventure,Drama",9.0,"Nov 21, 2018",99000000.0,30824628.0,84747441.0,-14252559.0,0.3637234072943866,-0.1439652424242424,2018.0,False
396,tt0955308,6.6,239480.0,Robin Hood,2010,140.0,"Action,Adventure,Drama",39.0,"May 14, 2010",210000000.0,105487148.0,322459006.0,112459006.0,0.32713351476373403,0.5355190761904762,2010.0,False
408,tt0963966,6.1,143862.0,The Sorcerer's Apprentice,2010,109.0,"Action,Adventure,Family",44.0,"Jul 14, 2010",160000000.0,63150991.0,217986320.0,57986320.0,0.2897016243955125,0.3624145,2010.0,False
427,tt0974015,6.5,329135.0,Justice League,2017,120.0,"Action,Adventure,Fantasy",9.0,"Nov 17, 2017",300000000.0,229024295.0,655945209.0,355945209.0,0.3491515630537977,1.18648403,2017.0,True
433,tt0978764,6.1,218371.0,Sucker Punch,2011,110.0,"Action,Adventure,Fantasy",62.0,"Mar 25, 2011",75000000.0,36392502.0,89758389.0,14758389.0,0.40544958978708945,0.19677852,2011.0,False
440,tt0983193,7.3,202430.0,The Adventures of Tintin,2011,107.0,"Action,Adventure,Animation",52.0,"Dec 21, 2011",130000000.0,77591831.0,373993951.0,243993951.0,0.20746814431766036,1.8768765461538461,2011.0,True
450,tt0990407,5.8,148622.0,The Green Hornet,2011,119.0,"Action,Comedy,Crime",29.0,"Jan 14, 2011",110000000.0,98780042.0,229155503.0,119155503.0,0.4310611820655252,1.0832318454545455,2011.0,True
478,tt1001526,7.3,207488.0,Megamind,2010,95.0,"Action,Animation,Comedy",47.0,"Nov 5, 2010",130000000.0,148415853.0,321887208.0,191887208.0,0.4610803079816704,1.4760554461538462,2010.0,True
579,tt1013743,6.3,169840.0,Knight and Day,2010,109.0,"Action,Adventure,Comedy",2.0,"Jun 23, 2010",117000000.0,76423035.0,258751370.0,141751370.0,0.2953531608354383,1.211550170940171,2010.0,True
763,tt1037705,6.9,271307.0,The Book of Eli,2010,118.0,"Action,Adventure,Drama",64.0,"Jan 15, 2010",80000000.0,94835059.0,158750817.0,78750817.0,0.59738312401882,0.9843852125,2010.0,False
778,tt1043726,4.2,50352.0,The Legend of Hercules,2014,99.0,"Action,Adventure,Fantasy",42.0,"Jan 10, 2014",70000000.0,18848538.0,58953319.0,-11046681.0,0.31971970908033187,-0.15780972857142858,2014.0,False
844,tt1074638,7.8,592221.0,Skyfall,2012,143.0,"Action,Adventure,Thriller",52.0,"Nov 8, 2012",200000000.0,304360277.0,1110526981.0,910526981.0,0.27406833170854766,4.552634905,2012.0,True
894,tt1103153,5.4,82237.0,Killers,2010,100.0,"Action,Comedy,Romance",54.0,"Jun 4, 2010",75000000.0,47059963.0,95572749.0,20572749.0,0.49239938677498957,0.27430332,2010.0,False
931,tt1121096,5.5,66565.0,Seventh Son,2014,102.0,"Action,Adventure,Fantasy",24.0,"Feb 6, 2015",95000000.0,17725785.0,108874967.0,13874967.0,0.1628086371773596,0.14605228421052632,2015.0,False
964,tt1133985,5.5,252281.0,Green Lantern,2011,114.0,"Action,Adventure,Sci-Fi",62.0,"Jun 17, 2011",200000000.0,116601172.0,219535492.0,19535492.0,0.5311267482890648,0.09767746,2011.0,False
1106,tt1194173,6.7,268678.0,The Bourne Legacy,2012,135.0,"Action,Adventure,Thriller",76.0,"Aug 10, 2012",125000000.0,113203870.0,280355920.0,155355920.0,0.4037862656868455,1.24284736,2012.0,True
1166,tt1210819,6.4,208827.0,The Lone Ranger,2013,150.0,"Action,Adventure,Western",13.0,"Jul 2, 2013",275000000.0,89302115.0,260002115.0,-14997885.0,0.3434668791059642,-0.05453776363636364,2013.0,False
1168,tt1211837,7.5,514510.0,Doctor Strange,2016,115.0,"Action,Adventure,Fantasy",28.0,"Nov 4, 2016",165000000.0,232641920.0,676404566.0,511404566.0,0.3439390147463907,3.099421612121212,2016.0,True
1170,tt1211956,6.7,211587.0,Escape Plan,2013,115.0,"Action,Crime,Mystery",37.0,"Oct 18, 2013",70000000.0,25135965.0,103735965.0,33735965.0,0.2423071400550426,0.48194235714285716,2013.0,False
1204,tt1219342,7.0,73790.0,Legend of the Guardians: The Owls of Ga'Hoole,2010,97.0,"Action,Adventure,Animation",90.0,"Sep 24, 2010",100000000.0,55675313.0,139716717.0,39716717.0,0.3984871259177955,0.39716717,2010.0,False
1206,tt1219827,6.4,176499.0,Ghost in the Shell,2017,107.0,"Action,Drama,Sci-Fi",40.0,"Mar 31, 2017",110000000.0,40563557.0,167910690.0,57910690.0,0.24157816872767301,0.5264608181818182,2017.0,False
1257,tt1228705,7.0,657690.0,Iron Man 2,2010,124.0,"Action,Adventure,Sci-Fi",15.0,"May 7, 2010",170000000.0,312433331.0,621156389.0,451156389.0,0.5029865852349785,2.653861111764706,2010.0,True
1300,tt1234721,6.2,205798.0,RoboCop,2014,117.0,"Action,Crime,Sci-Fi",96.0,"Feb 12, 2014",120000000.0,58607007.0,242981799.0,122981799.0,0.2411991648806584,1.024848325,2014.0,True
1364,tt1243957,6.0,206714.0,The Tourist,2010,103.0,"Action,Adventure,Thriller",85.0,"Dec 10, 2010",100000000.0,67631157.0,278731369.0,178731369.0,0.2426392021918423,1.78731369,2010.0,True
1406,tt1253863,6.2,262978.0,300: Rise of an Empire,2014,102.0,"Action,Fantasy,War",26.0,"Mar 7, 2014",110000000.0,106580051.0,330780051.0,220780051.0,0.32220821865705557,2.0070913727272726,2014.0,True
1407,tt1253864,6.0,152992.0,Immortals,2011,110.0,"Action,Drama,Fantasy",45.0,"Nov 11, 2011",75000000.0,83504017.0,211562435.0,136562435.0,0.3947015310161277,1.8208324666666666,2011.0,True
1464,tt1267297,6.0,137287.0,Hercules,2014,98.0,"Action,Adventure,Fantasy",84.0,"Jul 25, 2014",100000000.0,72688614.0,243388614.0,143388614.0,0.29865248339020495,1.43388614,2014.0,True
1488,tt1270797,6.7,275406.0,Venom,2018,112.0,"Action,Sci-Fi,Thriller",3.0,"Oct 5, 2018",116000000.0,213511408.0,853628605.0,737628605.0,0.2501221336180504,6.358867284482758,2018.0,True
1489,tt1270798,7.7,608930.0,X-Men: First Class,2011,131.0,"Action,Adventure,Sci-Fi",42.0,"Jun 3, 2011",160000000.0,146408305.0,355408305.0,195408305.0,0.41194396118571286,1.22130190625,2011.0,True
1575,tt1287468,4.3,12642.0,Cats & Dogs: The Revenge of Kitty Galore,2010,82.0,"Action,Comedy,Family",17.0,"Jul 30, 2010",85000000.0,43585753.0,113026383.0,28026383.0,0.3856245935075176,0.32972215294117646,2010.0,False
1586,tt1289401,5.2,186788.0,Ghostbusters,2016,116.0,"Action,Comedy,Fantasy",4.0,"Jul 15, 2016",144000000.0,128350574.0,229008658.0,85008658.0,0.5604616660388447,0.5903379027777778,2016.0,False
1595,tt1291150,5.8,192220.0,Teenage Mutant Ninja Turtles,2014,101.0,"Action,Adventure,Comedy",68.0,"Aug 8, 2014",125000000.0,191204754.0,485004754.0,360004754.0,0.39423274189184543,2.880038032,2014.0,True
1611,tt1293847,5.2,77976.0,xXx: Return of Xander Cage,2017,107.0,"Action,Adventure,Thriller",15.0,"Jan 20, 2017",85000000.0,44898413.0,345033359.0,260033359.0,0.13012774512623285,3.059215988235294,2017.0,True
1650,tt1298650,6.6,447624.0,Pirates of the Caribbean: On Stranger Tides,2011,136.0,"Action,Adventure,Fantasy",2.0,"May 20, 2011",410600000.0,241063875.0,1045663875.0,635063875.0,0.23053667699861966,1.5466728567949342,2011.0,True
1653,tt1300854,7.2,692794.0,Iron Man 3,2013,130.0,"Action,Adventure,Sci-Fi",48.0,"May 3, 2013",200000000.0,408992272.0,1215392272.0,1015392272.0,0.33651050892974577,5.07696136,2013.0,True
1662,tt1302011,7.2,228465.0,Kung Fu Panda 2,2011,90.0,"Action,Adventure,Animation",74.0,"May 26, 2011",150000000.0,165249063.0,664837547.0,514837547.0,0.24855555127063245,3.4322503133333333,2011.0,True
1764,tt1318514,7.6,473020.0,Rise of the Planet of the Apes,2011,105.0,"Action,Drama,Sci-Fi",31.0,"Aug 5, 2011",93000000.0,176760185.0,470986200.0,377986200.0,0.37529801297787496,4.064367741935484,2011.0,True
1781,tt1320253,6.5,307897.0,The Expendables,2010,103.0,"Action,Adventure,Thriller",34.0,"Aug 13, 2010",82000000.0,103068524.0,268268174.0,186268174.0,0.38419959573736095,2.2715630975609757,2010.0,True
1922,tt1335975,6.3,135754.0,47 Ronin,2013,128.0,"Action,Adventure,Drama",12.0,"Dec 25, 2013",175000000.0,38362475.0,151716815.0,-23283185.0,0.2528557892544739,-0.13304677142857144,2013.0,False
2018,tt1345836,8.4,1387769.0,The Dark Knight Rises,2012,164.0,"Action,Thriller",11.0,"Jul 20, 2012",275000000.0,448139099.0,1084439099.0,809439099.0,0.413245058586734,2.9434149054545453,2012.0,True
2102,tt1365519,6.3,163560.0,Tomb Raider,2018,119.0,"Action,Adventure,Fantasy",70.0,"Mar 16, 2018",90000000.0,58250803.0,273477501.0,183477501.0,0.21300034842720023,2.0386389,2018.0,True
2127,tt1371111,7.4,326473.0,Cloud Atlas,2012,172.0,"Action,Drama,Mystery",63.0,"Oct 26, 2012",102000000.0,27108272.0,130673154.0,28673154.0,0.20745096578904035,0.28110935294117645,2012.0,False
2153,tt1375666,8.8,1841066.0,Inception,2010,148.0,"Action,Adventure,Sci-Fi",38.0,"Jul 16, 2010",160000000.0,292576195.0,835524642.0,675524642.0,0.3501706356615153,4.2220290125,2010.0,True
2230,tt1386588,6.7,221664.0,The Other Guys,2010,107.0,"Action,Comedy,Crime",74.0,"Aug 6, 2010",100000000.0,119219978.0,170936470.0,70936470.0,0.6974519714839086,0.7093647,2010.0,False
2233,tt1386697,6.0,533039.0,Suicide Squad,2016,123.0,"Action,Adventure,Fantasy",100.0,"Aug 5, 2016",175000000.0,325100054.0,746059887.0,571059887.0,0.4357559757129792,3.2631993542857143,2016.0,True
2234,tt1386703,6.3,228460.0,Total Recall,2012,118.0,"Action,Adventure,Mystery",79.0,"Aug 3, 2012",125000000.0,58877969.0,211856088.0,86856088.0,0.27791492590951644,0.694848704,2012.0,False
2257,tt1390411,6.9,108628.0,In the Heart of the Sea,2015,122.0,"Action,Adventure,Biography",1.0,"Dec 11, 2015",100000000.0,25020758.0,89693309.0,-10306691.0,0.27895902469157424,-0.10306691,2015.0,False
2277,tt1392170,7.2,795227.0,The Hunger Games,2012,142.0,"Action,Adventure,Sci-Fi",38.0,"Mar 23, 2012",80000000.0,408010692.0,677923379.0,597923379.0,0.60185369709753,7.4740422375,2012.0,True
2278,tt1392190,8.1,780910.0,Mad Max: Fury Road,2015,120.0,"Action,Adventure,Sci-Fi",75.0,"May 15, 2015",150000000.0,153636354.0,370098020.0,220098020.0,0.41512341514283163,1.4673201333333334,2015.0,True
2308,tt1397514,5.8,83507.0,Journey 2: The Mysterious Island,2012,94.0,"Action,Adventure,Comedy",10.0,"Feb 10, 2012",79000000.0,103860290.0,318146162.0,239146162.0,0.3264546375385789,3.027166607594937,2012.0,True
2320,tt1399103,6.2,366409.0,Transformers: Dark of the Moon,2011,154.0,"Action,Adventure,Sci-Fi",64.0,"Jun 29, 2011",195000000.0,352390543.0,1123790543.0,928790543.0,0.313573152216854,4.763028425641026,2011.0,True
2390,tt1408101,7.7,445535.0,Star Trek Into Darkness,2013,132.0,"Action,Adventure,Sci-Fi",68.0,"May 16, 2013",190000000.0,228778661.0,467381584.0,277381584.0,0.4894901057975789,1.4599030736842105,2013.0,True
2395,tt1409024,6.8,309879.0,Men in Black 3,2012,106.0,"Action,Adventure,Comedy",35.0,"May 25, 2012",215000000.0,179020854.0,654213485.0,439213485.0,0.27364286751135986,2.042853418604651,2012.0,True
2552,tt1430132,6.7,401286.0,The Wolverine,2013,126.0,"Action,Adventure,Sci-Fi",8.0,"Jul 26, 2013",115000000.0,132556852.0,416456852.0,301456852.0,0.3182967247709014,2.6213639304347827,2013.0,True
2640,tt1440129,5.8,225342.0,Battleship,2012,131.0,"Action,Adventure,Sci-Fi",32.0,"May 18, 2012",220000000.0,65233400.0,313477717.0,93477717.0,0.20809581179896114,0.4248987136363636,2012.0,False
2708,tt1446192,7.3,145281.0,Rise of the Guardians,2012,97.0,"Action,Adventure,Animation",2.0,"Nov 21, 2012",145000000.0,103412758.0,306900902.0,161900902.0,0.3369581429252365,1.1165579448275862,2012.0,True
2732,tt1448755,6.5,117711.0,Killer Elite,2011,116.0,"Action,Crime,Thriller",38.0,"Sep 23, 2011",70000000.0,25124986.0,65409046.0,-4590954.0,0.3841209669989683,-0.06558505714285714,2011.0,False
3004,tt1477834,7.1,263328.0,Aquaman,2018,143.0,"Action,Adventure,Fantasy",36.0,"Dec 21, 2018",160000000.0,335061807.0,1146894640.0,986894640.0,0.2921469813478246,6.1680915,2018.0,True
3064,tt1483013,7.0,453966.0,Oblivion,2013,124.0,"Action,Adventure,Sci-Fi",93.0,"Apr 19, 2013",120000000.0,89107235.0,287916633.0,167916633.0,0.3094897091270166,1.399305275,2013.0,True
3226,tt1502712,4.3,140148.0,Fantastic Four,2015,100.0,"Action,Adventure,Drama",98.0,"Aug 7, 2015",120000000.0,56117548.0,167849187.0,47849187.0,0.3343331534873624,0.398743225,2015.0,False
3309,tt1509767,5.8,98408.0,The Three Musketeers,2011,110.0,"Action,Adventure,Romance",77.0,"Oct 21, 2011",90000000.0,20377913.0,139877913.0,49877913.0,0.1456835647812389,0.5541990333333333,2011.0,False
3385,tt1515091,7.5,394189.0,Sherlock Holmes: A Game of Shadows,2011,129.0,"Action,Adventure,Crime",69.0,"Dec 16, 2011",125000000.0,186848418.0,535663443.0,410663443.0,0.3488168185485079,3.285307544,2011.0,True
3585,tt1528100,6.0,150858.0,Exodus: Gods and Kings,2014,150.0,"Action,Adventure,Drama",16.0,"Dec 12, 2014",140000000.0,65014513.0,268314513.0,128314513.0,0.24230710546767928,0.9165322357142857,2014.0,False
3704,tt1535108,6.6,395572.0,Elysium,2013,109.0,"Action,Drama,Sci-Fi",92.0,"Aug 9, 2013",120000000.0,93050117.0,286192091.0,166192091.0,0.3251316857669557,1.3849340916666666,2013.0,True
4278,tt1571234,6.1,70193.0,Mortal Engines,2018,128.0,"Action,Adventure,Fantasy",4.0,"Dec 14, 2018",100000000.0,15951040.0,85287417.0,-14712583.0,0.1870268858066132,-0.14712583,2018.0,False
4467,tt1583421,5.8,165536.0,G.I. Joe: Retaliation,2013,110.0,"Action,Adventure,Sci-Fi",13.0,"Mar 27, 2013",140000000.0,122523060.0,375740705.0,235740705.0,0.3260840743884802,1.6838621785714285,2013.0,True
4531,tt1587310,7.0,305832.0,Maleficent,2014,97.0,"Action,Adventure,Family",84.0,"May 30, 2014",180000000.0,241407328.0,758536735.0,578536735.0,0.318253970916781,3.2140929722222222,2014.0,True
4739,tt1596343,7.3,329892.0,Fast Five,2011,130.0,"Action,Crime,Thriller",67.0,"Apr 29, 2011",125000000.0,210031325.0,630163454.0,505163454.0,0.3332965814929661,4.041307632,2011.0,True
4792,tt1599348,6.8,192655.0,Safe House,2012,115.0,"Action,Adventure,Crime",99.0,"Feb 10, 2012",85000000.0,126181630.0,208542162.0,123542162.0,0.6050653200766184,1.4534372,2012.0,True
4938,tt1606378,5.3,188383.0,A Good Day to Die Hard,2013,98.0,"Action,Thriller",34.0,"Feb 14, 2013",92000000.0,67349198.0,304249198.0,212249198.0,0.22136195737810951,2.3070565,2013.0,True
5201,tt1617661,5.3,166327.0,Jupiter Ascending,2015,127.0,"Action,Adventure,Sci-Fi",91.0,"Feb 6, 2015",179000000.0,47482519.0,181982519.0,2982519.0,0.260918022571168,0.016662117318435754,2015.0,False
5210,tt1618442,6.0,86118.0,The Last Witch Hunter,2015,106.0,"Action,Adventure,Fantasy",96.0,"Oct 23, 2015",80000000.0,27367660.0,130818912.0,50818912.0,0.20920262660493613,0.6352364,2015.0,False
5399,tt1628841,5.2,155344.0,Independence Day: Resurgence,2016,120.0,"Action,Adventure,Sci-Fi",33.0,"Jun 24, 2016",165000000.0,103144286.0,384169424.0,219169424.0,0.26848645299788354,1.3282995393939394,2016.0,True
5473,tt1631867,7.9,546284.0,Edge of Tomorrow,2014,113.0,"Action,Sci-Fi",95.0,"Jun 6, 2014",178000000.0,100206256.0,370541256.0,192541256.0,0.2704321162013873,1.0816924494382023,2014.0,True
5790,tt1646971,7.8,278205.0,How to Train Your Dragon 2,2014,102.0,"Action,Adventure,Animation",99.0,"Jun 13, 2014",145000000.0,177002924.0,614586270.0,469586270.0,0.28800338152689287,3.238526,2014.0,True
5801,tt1646987,5.7,172330.0,Wrath of the Titans,2012,99.0,"Action,Adventure,Fantasy",87.0,"Mar 30, 2012",150000000.0,83670083.0,305270083.0,155270083.0,0.27408543338981567,1.0351338866666666,2012.0,True
6137,tt1663202,8.0,621193.0,The Revenant,2015,156.0,"Action,Adventure,Biography",27.0,"Dec 25, 2015",135000000.0,183637894.0,532938302.0,397938302.0,0.3445762732962661,2.947691125925926,2015.0,True
6156,tt1663662,6.9,443667.0,Pacific Rim,2013,131.0,"Action,Adventure,Sci-Fi",72.0,"Jul 12, 2013",190000000.0,101802906.0,411002906.0,221002906.0,0.24769388370212642,1.1631731894736843,2013.0,True
6577,tt1677720,7.5,301660.0,Ready Player One,2018,140.0,"Action,Adventure,Sci-Fi",78.0,"Mar 29, 2018",150000000.0,137690172.0,579290136.0,429290136.0,0.23768775513898963,2.86193424,2018.0,True
7910,tt1731141,6.6,211722.0,Ender's Game,2013,114.0,"Action,Adventure,Fantasy",36.0,"Nov 1, 2013",110000000.0,61737191.0,127983283.0,17983283.0,0.4823848048967458,0.16348439090909092,2013.0,False
8068,tt1735898,6.1,258938.0,Snow White and the Huntsman,2012,127.0,"Action,Adventure,Drama",19.0,"Jun 1, 2012",170000000.0,155136755.0,401021746.0,231021746.0,0.38685372189267764,1.3589514470588235,2012.0,True
8882,tt1764651,6.6,277584.0,The Expendables 2,2012,103.0,"Action,Adventure,Thriller",81.0,"Aug 17, 2012",100000000.0,85028192.0,311979256.0,211979256.0,0.272544377117176,2.11979256,2012.0,True
9533,tt1790809,6.6,228592.0,Pirates of the Caribbean: Dead Men Tell No Tales,2017,129.0,"Action,Adventure,Fantasy",25.0,"May 26, 2017",230000000.0,172558876.0,788241137.0,558241137.0,0.21891635427294376,2.4271353782608696,2017.0,True
10045,tt1815862,4.8,181687.0,After Earth,2013,100.0,"Action,Adventure,Drama",53.0,"May 31, 2013",130000000.0,60522097.0,251499665.0,121499665.0,0.24064484141559395,0.9346128076923077,2013.0,False
10213,tt1821694,6.6,148846.0,RED 2,2013,116.0,"Action,Comedy,Crime",28.0,"Jul 19, 2013",84000000.0,53262560.0,141507355.0,57507355.0,0.3763942870672694,0.6846113690476191,2013.0,False
10295,tt1825683,7.3,516148.0,Black Panther,2018,134.0,"Action,Adventure,Sci-Fi",42.0,"Feb 16, 2018",200000000.0,700059566.0,1348258224.0,1148258224.0,0.5192325576350425,5.74129112,2018.0,True
10708,tt1840309,6.7,399703.0,Divergent,2014,139.0,"Action,Adventure,Mystery",95.0,"Mar 21, 2014",85000000.0,150947895.0,276014965.0,191014965.0,0.5468830104918405,2.247234882352941,2014.0,True
10791,tt1843866,7.8,666252.0,Captain America: The Winter Soldier,2014,136.0,"Action,Adventure,Sci-Fi",16.0,"Apr 4, 2014",170000000.0,259746958.0,714401889.0,544401889.0,0.36358660580193397,3.2023640529411765,2014.0,True
11218,tt1860357,7.1,133303.0,Deepwater Horizon,2016,107.0,"Action,Drama,History",47.0,"Sep 30, 2016",156000000.0,61433527.0,122603824.0,-33396176.0,0.5010734983274258,-0.2140780512820513,2016.0,False
11518,tt1872181,6.6,388363.0,The Amazing Spider-Man 2,2014,142.0,"Action,Adventure,Sci-Fi",56.0,"May 2, 2014",200000000.0,202853933.0,708996336.0,508996336.0,0.2861142190726357,2.54498168,2014.0,True
11602,tt1877832,8.0,620079.0,X-Men: Days of Future Past,2014,132.0,"Action,Adventure,Sci-Fi",55.0,"May 23, 2014",200000000.0,233921534.0,747862775.0,547862775.0,0.31278670609056586,2.739313875,2014.0,True
12209,tt1921064,5.5,100467.0,Pompeii,2014,105.0,"Action,Adventure,Drama",97.0,"Feb 21, 2014",80000000.0,23169033.0,108469033.0,28469033.0,0.21360043838502737,0.3558629125,2014.0,False
12806,tt1951264,7.5,575455.0,The Hunger Games: Catching Fire,2013,146.0,"Action,Adventure,Sci-Fi",38.0,"Nov 22, 2013",130000000.0,424668047.0,864868047.0,734868047.0,0.4910206227100907,5.652831130769231,2013.0,True
12807,tt1951265,6.6,379050.0,The Hunger Games: Mockingjay - Part 1,2014,123.0,"Action,Adventure,Sci-Fi",62.0,"Nov 21, 2014",125000000.0,337135885.0,766575131.0,641575131.0,0.4397949677290014,5.132601048,2014.0,True
12808,tt1951266,6.6,252384.0,The Hunger Games: Mockingjay - Part 2,2015,137.0,"Action,Adventure,Sci-Fi",39.0,"Nov 20, 2015",160000000.0,281723902.0,648986787.0,488986787.0,0.43409805506564186,3.05616741875,2015.0,True
12949,tt1959490,5.8,229326.0,Noah,2014,138.0,"Action,Adventure,Drama",51.0,"Mar 28, 2014",130000000.0,101200044.0,352831065.0,222831065.0,0.28682294173842093,1.7140851153846153,2014.0,True
13008,tt1964418,6.4,161343.0,Tomorrowland,2015,130.0,"Action,Adventure,Family",23.0,"May 22, 2015",170000000.0,93436322.0,206627518.0,36627518.0,0.45219689470402485,0.2154559882352941,2015.0,False
13155,tt1972591,6.8,169054.0,King Arthur: Legend of the Sword,2017,126.0,"Action,Adventure,Drama",11.0,"May 12, 2017",175000000.0,39175066.0,139630336.0,-35369664.0,0.28056271382173,-0.2021123657142857,2017.0,False
13346,tt1981115,6.9,540996.0,Thor: The Dark World,2013,112.0,"Action,Adventure,Fantasy",66.0,"Nov 8, 2013",150000000.0,206362140.0,644602516.0,494602516.0,0.3201385890960438,3.297350106666667,2013.0,True
13347,tt1981128,5.3,78287.0,Geostorm,2017,109.0,"Action,Sci-Fi,Thriller",99.0,"Oct 20, 2017",100000000.0,33700160.0,220796009.0,120796009.0,0.15263029505211753,1.20796009,2017.0,True
13415,tt1985949,6.3,69624.0,The Angry Birds Movie,2016,97.0,"Action,Animation,Comedy",77.0,"May 20, 2016",73000000.0,107509366.0,352327887.0,279327887.0,0.3051400980927746,3.826409410958904,2016.0,True
13972,tt2015381,8.1,948394.0,Guardians of the Galaxy,2014,121.0,"Action,Adventure,Comedy",14.0,"Aug 1, 2014",170000000.0,333172112.0,770867516.0,600867516.0,0.43220411430593997,3.5345148,2014.0,True
14142,tt2025690,6.8,55981.0,The Finest Hours,2016,117.0,"Action,Drama,History",36.0,"Jan 29, 2016",70000000.0,27569558.0,49252761.0,-20747239.0,0.559756599229026,-0.2963891285714286,2016.0,False
14244,tt2034800,6.0,111602.0,The Great Wall,2016,103.0,"Action,Adventure,Fantasy",92.0,"Feb 17, 2017",150000000.0,45157105.0,334486852.0,184486852.0,0.13500412566291245,1.2299123466666666,2017.0,True
14636,tt2058673,5.3,53802.0,Point Break,2015,114.0,"Action,Crime,Sport",100.0,"Dec 25, 2015",100000000.0,28782481.0,126704591.0,26704591.0,0.2271621002272917,0.26704591,2015.0,False
15832,tt2103281,7.6,390199.0,Dawn of the Planet of the Apes,2014,130.0,"Action,Adventure,Drama",17.0,"Jul 11, 2014",170000000.0,208545589.0,710644566.0,540644566.0,0.29345976734028806,3.1802621529411765,2014.0,True
15967,tt2109248,5.7,283486.0,Transformers: Age of Extinction,2014,165.0,"Action,Adventure,Sci-Fi",37.0,"Jun 27, 2014",210000000.0,245439076.0,1104039076.0,894039076.0,0.2223101349720705,4.2573289333333335,2014.0,True
16185,tt2120120,5.6,119789.0,Pixels,2015,105.0,"Action,Comedy,Sci-Fi",59.0,"Jul 24, 2015",90000000.0,78765986.0,244041804.0,154041804.0,0.3227561209144315,1.7115756,2015.0,True
16327,tt2126355,6.1,192750.0,San Andreas,2015,114.0,"Action,Adventure,Drama",19.0,"May 29, 2015",110000000.0,155190832.0,456258539.0,346258539.0,0.34013792342415755,3.1478049,2015.0,True
17862,tt2209764,6.3,204481.0,Transcendence,2014,119.0,"Action,Drama,Sci-Fi",2.0,"Apr 18, 2014",100000000.0,23022309.0,103039258.0,3039258.0,0.22343240282262125,0.03039258,2014.0,False
18255,tt2231461,6.1,115891.0,Rampage,2018,107.0,"Action,Adventure,Sci-Fi",90.0,"Apr 13, 2018",120000000.0,101028233.0,428056280.0,308056280.0,0.23601623833202492,2.5671356666666667,2018.0,True
18429,tt2239822,6.5,139792.0,Valerian and the City of a Thousand Planets,2017,137.0,"Action,Adventure,Fantasy",90.0,"Jul 21, 2017",180000000.0,40479370.0,215098356.0,35098356.0,0.18819004827726346,0.19499086666666668,2017.0,False
18550,tt2245084,7.8,371204.0,Big Hero 6,2014,102.0,"Action,Adventure,Animation",29.0,"Nov 7, 2014",165000000.0,222527828.0,652127828.0,487127828.0,0.341233449096118,2.952289866666667,2014.0,True
18697,tt2250912,7.5,426302.0,Spider-Man: Homecoming,2017,133.0,"Action,Adventure,Sci-Fi",99.0,"Jul 7, 2017",175000000.0,334201140.0,880166350.0,705166350.0,0.37970224605837294,4.029522,2017.0,True
19060,tt2267968,7.1,116166.0,Kung Fu Panda 3,2016,95.0,"Action,Adventure,Animation",11.0,"Jan 29, 2016",140000000.0,143528619.0,517599142.0,377599142.0,0.27729686422084526,2.6971367285714285,2016.0,True
19368,tt2283362,7.0,242735.0,Jumanji: Welcome to the Jungle,2017,119.0,"Action,Adventure,Comedy",38.0,"Dec 20, 2017",90000000.0,404508916.0,964496193.0,874496193.0,0.4193991836730868,9.716624366666666,2017.0,True
19769,tt2302755,6.5,235443.0,Olympus Has Fallen,2013,119.0,"Action,Thriller",9.0,"Mar 22, 2013",70000000.0,98927592.0,172878928.0,102878928.0,0.572236264676514,1.4696989714285715,2013.0,True
20457,tt2333784,6.1,156432.0,The Expendables 3,2014,126.0,"Action,Adventure,Thriller",96.0,"Aug 15, 2014",100000000.0,39322544.0,209461378.0,109461378.0,0.1877317163453398,1.09461378,2014.0,True
20484,tt2334879,6.4,191791.0,White House Down,2013,131.0,"Action,Drama,Thriller",90.0,"Jun 28, 2013",150000000.0,73103784.0,205440387.0,55440387.0,0.3558393997768316,0.36960258,2013.0,False
20690,tt2345759,5.5,154345.0,The Mummy,2017,110.0,"Action,Adventure,Fantasy",65.0,"Jun 9, 2017",195000000.0,80101125.0,409953905.0,214953905.0,0.19539056470263408,1.1023277179487179,2017.0,True
21464,tt2379713,6.8,352504.0,Spectre,2015,148.0,"Action,Adventure,Thriller",10.0,"Nov 6, 2015",300000000.0,200074175.0,879620923.0,579620923.0,0.22745499767972208,1.9320697433333334,2015.0,True
21631,tt2386490,7.6,60769.0,How to Train Your Dragon: The Hidden World,2019,104.0,"Action,Adventure,Animation",56.0,"Feb 22, 2019",129000000.0,160791800.0,519258283.0,390258283.0,0.3096566877489752,3.025258007751938,2019.0,True
21860,tt2395427,7.3,665594.0,Avengers: Age of Ultron,2015,141.0,"Action,Adventure,Sci-Fi",4.0,"May 1, 2015",330600000.0,459005868.0,1403013963.0,1072413963.0,0.32715702060336516,3.2438413883847548,2015.0,True
22140,tt2404233,5.4,95111.0,Gods of Egypt,2016,127.0,"Action,Adventure,Fantasy",18.0,"Feb 26, 2016",140000000.0,31153464.0,138836756.0,-1163244.0,0.22438916679960458,-0.008308885714285714,2016.0,False
22152,tt2404435,6.9,168514.0,The Magnificent Seven,2016,132.0,"Action,Adventure,Western",55.0,"Sep 23, 2016",90000000.0,93432655.0,162525156.0,72525156.0,0.5748811894695244,0.8058350666666667,2016.0,False
23997,tt2557478,5.6,89462.0,Pacific Rim: Uprising,2018,111.0,"Action,Adventure,Sci-Fi",50.0,"Mar 23, 2018",155000000.0,59874525.0,290930148.0,135930148.0,0.20580378283793402,0.8769686967741935,2018.0,False
24898,tt2638144,5.7,37975.0,Ben-Hur,2016,123.0,"Action,Adventure,Drama",23.0,"Aug 19, 2016",95000000.0,26410477.0,91669648.0,-3330352.0,0.2881049243256612,-0.03505633684210526,2016.0,False
25153,tt2660888,7.1,209844.0,Star Trek Beyond,2016,122.0,"Action,Adventure,Sci-Fi",79.0,"Jul 22, 2016",185000000.0,158848340.0,335802233.0,150802233.0,0.47304134514197826,0.8151472054054054,2016.0,False
25548,tt2713180,7.6,381993.0,Fury,2014,134.0,"Action,Drama,War",68.0,"Oct 17, 2014",80000000.0,85817906.0,210315681.0,130315681.0,0.4080433070513653,1.6289460125,2014.0,True
25593,tt2717822,5.4,48427.0,Blackhat,2015,133.0,"Action,Crime,Thriller",47.0,"Jan 16, 2015",70000000.0,8005980.0,19665004.0,-50334996.0,0.40711814754779607,-0.7190713714285715,2015.0,False
26373,tt2802144,7.7,544510.0,Kingsman: The Secret Service,2014,129.0,"Action,Adventure,Comedy",29.0,"Feb 13, 2015",94000000.0,128261724.0,404561724.0,310561724.0,0.3170387023563307,3.3038481276595744,2015.0,True
26517,tt2820852,7.2,335074.0,Furious 7,2015,137.0,"Action,Crime,Thriller",67.0,"Apr 3, 2015",190000000.0,353007020.0,1518722794.0,1328722794.0,0.23243676949777842,6.9932778631578945,2015.0,True
27888,tt2975590,6.5,576909.0,Batman v Superman: Dawn of Justice,2016,151.0,"Action,Adventure,Fantasy",18.0,"Mar 25, 2016",250000000.0,330360194.0,867500281.0,617500281.0,0.3808185440806791,2.470001124,2016.0,True
28281,tt3014284,6.0,18926.0,The Lego Ninjago Movie,2017,101.0,"Action,Adventure,Animation",20.0,"Sep 22, 2017",70000000.0,59281555.0,122737201.0,52737201.0,0.48299581966188065,0.7533885857142857,2017.0,False
28676,tt3062096,6.2,138978.0,Inferno,2016,121.0,"Action,Adventure,Crime",64.0,"Oct 28, 2016",75000000.0,34343574.0,219519367.0,144519367.0,0.15644894785069238,1.9269248933333334,2016.0,True
28979,tt3095734,5.7,13525.0,Monster Trucks,2016,104.0,"Action,Adventure,Comedy",81.0,"Jan 13, 2017",125000000.0,33370166.0,61642798.0,-63357202.0,0.5413473606438176,-0.506857616,2017.0,False
29198,tt3110958,6.5,216219.0,Now You See Me 2,2016,129.0,"Action,Adventure,Comedy",66.0,"Jun 10, 2016",90000000.0,65075540.0,328325007.0,238325007.0,0.19820464056214884,2.648055633333333,2016.0,True
31404,tt3315342,8.1,560270.0,Logan,2017,137.0,"Action,Drama,Sci-Fi",59.0,"Mar 3, 2017",127000000.0,226277068.0,615461394.0,488461394.0,0.3676543650112358,3.846152708661417,2017.0,True
31957,tt3371366,5.2,119007.0,Transformers: The Last Knight,2017,154.0,"Action,Adventure,Sci-Fi",33.0,"Jun 21, 2017",217000000.0,130168683.0,602893340.0,385893340.0,0.21590665274225787,1.7783103225806451,2017.0,True
32066,tt3385516,7.0,356556.0,X-Men: Apocalypse,2016,144.0,"Action,Adventure,Sci-Fi",93.0,"May 27, 2016",178000000.0,155442489.0,542537546.0,364537546.0,0.28651010450067543,2.047963741573034,2016.0,True
32670,tt3450958,7.5,201943.0,War for the Planet of the Apes,2017,140.0,"Action,Adventure,Drama",52.0,"Jul 14, 2017",152000000.0,146880162.0,489592267.0,337592267.0,0.3000050693202636,2.2210017565789473,2017.0,True
33207,tt3498820,7.8,583507.0,Captain America: Civil War,2016,147.0,"Action,Adventure,Sci-Fi",17.0,"May 6, 2016",250000000.0,408084349.0,1140069413.0,890069413.0,0.357946932306656,3.560277652,2016.0,True
33254,tt3501632,7.9,482995.0,Thor: Ragnarok,2017,130.0,"Action,Adventure,Comedy",82.0,"Nov 3, 2017",180000000.0,315058289.0,846980024.0,666980024.0,0.3719784175216864,3.7054445777777776,2017.0,True
34372,tt3606756,7.7,203510.0,Incredibles 2,2018,118.0,"Action,Adventure,Animation",44.0,"Jun 15, 2018",200000000.0,608581744.0,1242520711.0,1042520711.0,0.4897960562043299,5.212603555,2018.0,True
34651,tt3640424,7.1,125741.0,Allied,2016,124.0,"Action,Drama,Romance",47.0,"Nov 23, 2016",106000000.0,40098064.0,119266661.0,13266661.0,0.33620513615284325,0.12515717924528302,2016.0,False
35433,tt3717490,6.0,92013.0,Power Rangers,2017,124.0,"Action,Adventure,Sci-Fi",94.0,"Mar 24, 2017",120000000.0,85364450.0,142531552.0,22531552.0,0.598916161384393,0.18776293333333333,2017.0,False
35609,tt3731562,6.6,237720.0,Kong: Skull Island,2017,118.0,"Action,Adventure,Fantasy",78.0,"Mar 10, 2017",185000000.0,168052812.0,561072059.0,376072059.0,0.2995209069928039,2.0328219405405403,2017.0,True
35706,tt3741700,6.7,36479.0,Godzilla: King of the Monsters,2019,132.0,"Action,Adventure,Fantasy",25.0,"May 31, 2019",170000000.0,85576941.0,299276941.0,129276941.0,0.2859456552651679,0.7604525941176471,2019.0,False
35788,tt3748528,7.8,478592.0,Rogue One: A Star Wars Story,2016,133.0,"Action,Adventure,Sci-Fi",45.0,"Dec 16, 2016",200000000.0,532177324.0,1049102856.0,849102856.0,0.5072689688683871,4.24551428,2016.0,True
35942,tt3766354,6.7,97963.0,The Equalizer 2,2018,121.0,"Action,Crime,Thriller",21.0,"Jul 20, 2018",77000000.0,102084362.0,190453132.0,113453132.0,0.5360077879947913,1.4734172987012988,2018.0,True
36054,tt3778644,7.0,226243.0,Solo: A Star Wars Story,2018,135.0,"Action,Adventure,Fantasy",12.0,"May 25, 2018",275000000.0,213767512.0,393151347.0,118151347.0,0.5437282960650774,0.4296412618181818,2018.0,False
36535,tt3829266,5.4,94888.0,The Predator,2018,107.0,"Action,Adventure,Sci-Fi",84.0,"Sep 14, 2018",88000000.0,51024708.0,159487563.0,71487563.0,0.31992907183615316,0.8123586704545455,2018.0,False
37526,tt3949660,6.0,77234.0,Teenage Mutant Ninja Turtles: Out of the Shadows,2016,112.0,"Action,Adventure,Comedy",32.0,"Jun 3, 2016",135000000.0,82051601.0,245328374.0,110328374.0,0.33445622152128235,0.8172472148148148,2016.0,False
38961,tt4116284,7.3,116433.0,The Lego Batman Movie,2017,104.0,"Action,Animation,Comedy",41.0,"Feb 10, 2017",80000000.0,175750384.0,310660018.0,230660018.0,0.5657322275697544,2.883250225,2017.0,True
39308,tt4154664,7.0,296225.0,Captain Marvel,2019,123.0,"Action,Adventure,Sci-Fi",96.0,"Mar 8, 2019",175000000.0,426525952.0,1123061550.0,948061550.0,0.37978858059916665,5.417494571428572,2019.0,True
39311,tt4154756,8.5,670926.0,Avengers: Infinity War,2018,149.0,"Action,Adventure,Sci-Fi",7.0,"Apr 27, 2018",300000000.0,678815482.0,2048134200.0,1748134200.0,0.3314311542671374,5.827114,2018.0,True
39740,tt4196776,6.6,190596.0,Jason Bourne,2016,123.0,"Action,Thriller",86.0,"Jul 29, 2016",120000000.0,162192920.0,416168316.0,296168316.0,0.38972914026448857,2.4680693,2016.0,True
42151,tt4532826,5.3,41588.0,Robin Hood,2018,116.0,"Action,Adventure,Thriller",9.0,"Nov 21, 2018",99000000.0,30824628.0,84747441.0,-14252559.0,0.3637234072943866,-0.1439652424242424,2018.0,False
42152,tt4532826,5.3,41588.0,Robin Hood,2018,116.0,"Action,Adventure,Thriller",39.0,"May 14, 2010",210000000.0,105487148.0,322459006.0,112459006.0,0.32713351476373403,0.5355190761904762,2010.0,False
42846,tt4630562,6.7,179774.0,The Fate of the Furious,2017,136.0,"Action,Crime,Thriller",23.0,"Apr 14, 2017",250000000.0,225764765.0,1234846267.0,984846267.0,0.18282823622124617,3.939385068,2017.0,True
42966,tt4649466,6.8,230797.0,Kingsman: The Golden Circle,2017,141.0,"Action,Adventure,Comedy",54.0,"Sep 22, 2017",104000000.0,100234838.0,408803696.0,304803696.0,0.24519063545844264,2.930804769230769,2017.0,True
43431,tt4701182,6.9,94155.0,Bumblebee,2018,114.0,"Action,Adventure,Sci-Fi",62.0,"Dec 21, 2018",102000000.0,127195589.0,465195589.0,363195589.0,0.27342389310574483,3.560741068627451,2018.0,True
43879,tt4779682,5.7,114042.0,The Meg,2018,113.0,"Action,Horror,Sci-Fi",94.0,"Aug 10, 2018",178000000.0,145443742.0,529530715.0,351530715.0,0.27466535534204095,1.9748916573033708,2018.0,True
44617,tt4881806,6.2,219125.0,Jurassic World: Fallen Kingdom,2018,128.0,"Action,Adventure,Sci-Fi",13.0,"Jun 22, 2018",170000000.0,417719760.0,1305772799.0,1135772799.0,0.31990232934849183,6.681016464705882,2018.0,True
45547,tt5013056,7.9,466580.0,Dunkirk,2017,106.0,"Action,Drama,History",69.0,"Jul 21, 2017",150000000.0,190068280.0,499837368.0,349837368.0,0.3802602449683194,2.33224912,2017.0,True
46167,tt5095030,7.1,244024.0,Ant-Man and the Wasp,2018,118.0,"Action,Adventure,Comedy",41.0,"Jul 6, 2018",130000000.0,216648740.0,623144660.0,493144660.0,0.3476700578642526,3.7934204615384615,2018.0,True
48760,tt5463162,7.8,391735.0,Deadpool 2,2018,119.0,"Action,Adventure,Comedy",15.0,"May 18, 2018",110000000.0,324591735.0,786680557.0,676680557.0,0.41260932676133244,6.151641427272727,2018.0,True
50822,tt5758778,5.8,81193.0,Skyscraper,2018,102.0,"Action,Adventure,Thriller",78.0,"Jul 13, 2018",125000000.0,68420120.0,304115534.0,179115534.0,0.22498068119072143,1.432924272,2018.0,True
56025,tt6565702,6.0,24451.0,Dark Phoenix,2019,113.0,"Action,Adventure,Sci-Fi",3.0,"Jun 7, 2019",350000000.0,42762350.0,149762350.0,-200237650.0,0.2855347155009253,-0.5721075714285714,2019.0,False
